"","institution_code","catalog_number","basis_of_record","cur_genus","cur_epithet","cur_scientific_name","recorded_by","record_number","year","month","day","decade","cur_host","host_family","cultivated","native_status","cultivated_native","continent","country","state_province","decimal_latitude","decimal_longitude","geodetic_datum","coordinate_uncertainty_in_meters","climatic_zone"
"1","BPI","BPI 796329","PreservedSpecimen","Basidiophora","entospora","Basidiophora entospora","C T Rogerson","s.n.",1971,8,27,"1970","Symphyotrichum spathulatum","Asteraceae","wild","native","wild-native","North America","United States of America","Utah",NA,NA,NA,NA,NA
"2","NY","1959111","PreservedSpecimen","Basidiophora","entospora","Basidiophora entospora","C T Rogerson","s.n.",1973,8,23,"1970","Symphyotrichum ascendens","Asteraceae","wild","native","wild-native","North America","United States of America","Utah",NA,NA,NA,NA,NA
"3","BPI","BPI 786429","PreservedSpecimen","Bremia","lactucae","Bremia lactucae","C T Rogerson","s.n.",1951,6,18,"1950","Lactuca floridana","Asteraceae","wild","native","wild-native","North America","United States of America","Kansas",39.1340408325,-96.6771366675,NA,NA,NA
"4","NY","1959236","PreservedSpecimen","Bremia","lactucae","Bremia lactucae","C T Rogerson","s.n.",1971,6,3,"1970","Agoseris parviflora","Asteraceae","wild","native","wild-native","North America","United States of America","Utah",NA,NA,NA,NA,NA
"5","BPI","BPI 786428","PreservedSpecimen","Bremia","lactucae","Bremia lactucae","C T Rogerson","s.n.",1981,9,5,"1980","Lactuca floridana","Asteraceae","wild","native","wild-native","North America","United States of America","New York",NA,NA,NA,NA,NA
"6","NY","1959174","PreservedSpecimen","Bremia","lactucae","Bremia lactucae","C T Rogerson","s.n.",1985,7,25,"1980","Lactuca tatarica","Asteraceae","wild","non-native","wild-non-native","North America","United States of America","Utah",NA,NA,NA,NA,NA
"7","NY","1959175","PreservedSpecimen","Bremia","lactucae","Bremia lactucae","C T Rogerson","s.n.",1995,5,31,"1990","Lactuca tatarica","Asteraceae","wild","non-native","wild-non-native","North America","United States of America","Utah",41.203869,-111.936474,"WGS84",785,NA
"8","NY","2758194","PreservedSpecimen","Hyaloperonospora","arabidis-oxyphyllae","Hyaloperonospora arabidis-oxyphyllae","C T Rogerson","s.n.",1968,7,10,"1960","Boechera stricta","Brassicaceae","wild","native","wild-native","North America","United States of America","Utah",NA,NA,NA,NA,NA
"9","NY","2758166","PreservedSpecimen","Hyaloperonospora","arabidis-oxyphyllae","Hyaloperonospora arabidis-oxyphyllae","C T Rogerson","s.n.",1990,5,17,"1990","Boechera stricta","Brassicaceae","wild","native","wild-native","North America","United States of America","Utah",NA,NA,NA,NA,NA
"10","NY","2758050","PreservedSpecimen","Hyaloperonospora","cakiles","Hyaloperonospora cakiles","C T Rogerson","s.n.",1964,6,17,"1960","Cakile edentula","Brassicaceae","wild","native","wild-native","North America","United States of America","New Jersey",39.835572,-74.088584,"WGS84",7908,NA
"11","NY","2758117","PreservedSpecimen","Hyaloperonospora","cakiles","Hyaloperonospora cakiles","C T Rogerson","s.n.",1970,7,12,"1970","Cakile edentula","Brassicaceae","wild","native","wild-native","North America","United States of America","New York",NA,NA,NA,NA,NA
"12","NY","2758049","PreservedSpecimen","Hyaloperonospora","cardamines-laciniatae","Hyaloperonospora cardamines-laciniatae","C T Rogerson","1520",1947,5,20,"1940","Cardamine diphylla","Brassicaceae","wild","native","wild-native","North America","United States of America","New York",42.397962,-76.422546,"WGS84",10511,NA
"13","NY","1960236","PreservedSpecimen","Hyaloperonospora","floerkeae","Hyaloperonospora floerkeae","C T Rogerson","2363",1948,4,13,"1940","Floerkea proserpinacoides","Limnanthaceae","wild","native","wild-native","North America","United States of America","New York",NA,NA,NA,NA,NA
"14","NY","1960232","PreservedSpecimen","Hyaloperonospora","floerkeae","Hyaloperonospora floerkeae","C T Rogerson","s.n.",1966,5,6,"1960","Floerkea proserpinacoides","Limnanthaceae","wild","native","wild-native","North America","United States of America","Utah",NA,NA,NA,NA,NA
"15","BPI","BPI 788720","PreservedSpecimen","Hyaloperonospora","floerkeae","Hyaloperonospora floerkeae","C T Rogerson",NA,1966,6,5,"1960","Floerkea proserpinacoides","Limnanthaceae","wild","native","wild-native","North America","United States of America","Utah",NA,NA,NA,NA,NA
"16","NY","1960231","PreservedSpecimen","Hyaloperonospora","floerkeae","Hyaloperonospora floerkeae","C T Rogerson","s.n.",1989,6,6,"1980","Floerkea proserpinacoides","Limnanthaceae","wild","native","wild-native","North America","United States of America","Utah",41.385683,-111.934761,"WGS84",2062,NA
"17","NY","1960230","PreservedSpecimen","Hyaloperonospora","floerkeae","Hyaloperonospora floerkeae","C T Rogerson","s.n.",1992,5,18,"1990","Floerkea proserpinacoides","Limnanthaceae","wild","native","wild-native","North America","United States of America","Utah",41.385683,-111.934761,"WGS84",2062,NA
"18","NY","262332","PreservedSpecimen","Hyaloperonospora","parasitica","Hyaloperonospora parasitica","C T Rogerson",NA,1952,5,3,"1950","Capsella bursa-pastoris","Brassicaceae","wild","non-native","wild-non-native","North America","United States of America","Kansas",38.205832,-97.929774,"WGS84",17098,NA
"19","NY","2758169","PreservedSpecimen","Hyaloperonospora","parasitica","Hyaloperonospora parasitica","C T Rogerson","s.n.",1955,8,11,"1950","Capsella bursa-pastoris","Brassicaceae","wild","non-native","wild-non-native","North America","United States of America","Colorado",NA,NA,NA,NA,NA
"20","NY","262352","PreservedSpecimen","Hyaloperonospora","parasitica","Hyaloperonospora parasitica","C T Rogerson",NA,1956,5,8,"1950","Capsella bursa-pastoris","Brassicaceae","wild","non-native","wild-non-native","North America","United States of America","Kansas",NA,NA,NA,NA,NA
"21","NY","262344","PreservedSpecimen","Hyaloperonospora","parasitica","Hyaloperonospora parasitica","C T Rogerson",NA,1957,4,30,"1950","Capsella bursa-pastoris","Brassicaceae","wild","non-native","wild-non-native","North America","United States of America","Kansas",NA,NA,NA,NA,NA
"22","NY","2758199","PreservedSpecimen","Hyaloperonospora","parasitica","Hyaloperonospora parasitica","C T Rogerson","s.n.",1971,6,3,"1970","Capsella bursa-pastoris","Brassicaceae","wild","non-native","wild-non-native","North America","United States of America","Utah",NA,NA,NA,NA,NA
"23","NY","262331","PreservedSpecimen","Hyaloperonospora","sisymbrii-intermedii","Hyaloperonospora sisymbrii-intermedii","C T Rogerson",NA,1952,5,3,"1950","Descurainia pinnata subsp intermedia","Brassicaceae","wild","native","wild-native","North America","United States of America","Kansas",NA,NA,NA,NA,NA
"24","NY","262334","PreservedSpecimen","Hyaloperonospora","sisymbrii-intermedii","Hyaloperonospora sisymbrii-intermedii","C T Rogerson",NA,1954,5,10,"1950","Descurainia pinnata","Brassicaceae","wild","native","wild-native","North America","United States of America","Kansas",NA,NA,NA,NA,NA
"25","NY","262354","PreservedSpecimen","Hyaloperonospora","sisymbrii-intermedii","Hyaloperonospora sisymbrii-intermedii","C T Rogerson",NA,1955,5,17,"1950","Descurainia pinnata","Brassicaceae","wild","native","wild-native","North America","United States of America","Kansas",39.123331,-96.615559,NA,3036,NA
"26","NY","262348","PreservedSpecimen","Hyaloperonospora","sisymbrii-intermedii","Hyaloperonospora sisymbrii-intermedii","C T Rogerson",NA,1956,5,2,"1950","Descurainia pinnata","Brassicaceae","wild","native","wild-native","North America","United States of America","Kansas",NA,NA,NA,NA,NA
"27","NY","262356","PreservedSpecimen","Hyaloperonospora","sisymbrii-intermedii","Hyaloperonospora sisymbrii-intermedii","C T Rogerson",NA,1956,5,7,"1950","Descurainia pinnata","Brassicaceae","wild","native","wild-native","North America","United States of America","Kansas",NA,NA,NA,NA,NA
"28","NY","262357","PreservedSpecimen","Hyaloperonospora","sisymbrii-intermedii","Hyaloperonospora sisymbrii-intermedii","C T Rogerson",NA,1956,5,8,"1950","Descurainia pinnata","Brassicaceae","wild","native","wild-native","North America","United States of America","Kansas",38.98512,-96.831398,"WGS84",8745,NA
"29","NY","262349","PreservedSpecimen","Hyaloperonospora","sisymbrii-intermedii","Hyaloperonospora sisymbrii-intermedii","C T Rogerson",NA,1956,5,16,"1950","Descurainia pinnata","Brassicaceae","wild","native","wild-native","North America","United States of America","Kansas",NA,NA,NA,NA,NA
"30","NY","262350","PreservedSpecimen","Hyaloperonospora","sisymbrii-intermedii","Hyaloperonospora sisymbrii-intermedii","C T Rogerson",NA,1956,5,23,"1950","Descurainia pinnata","Brassicaceae","wild","native","wild-native","North America","United States of America","Kansas",39.176677,-98.638961,NA,3036,NA
"31","NY","262353","PreservedSpecimen","Hyaloperonospora","sisymbrii-intermedii","Hyaloperonospora sisymbrii-intermedii","C T Rogerson",NA,1957,4,30,"1950","Descurainia pinnata","Brassicaceae","wild","native","wild-native","North America","United States of America","Kansas",37.239726,-97.06845,"WGS84",9479,NA
"32","NY","262345","PreservedSpecimen","Hyaloperonospora","sisymbrii-intermedii","Hyaloperonospora sisymbrii-intermedii","C T Rogerson",NA,1957,6,18,"1950","Descurainia pinnata","Brassicaceae","wild","native","wild-native","North America","United States of America","Kansas",NA,NA,NA,NA,NA
"33","NY","262335","PreservedSpecimen","Hyaloperonospora","sisymbrii-intermedii","Hyaloperonospora sisymbrii-intermedii","C T Rogerson",NA,1957,6,20,"1950","Descurainia pinnata","Brassicaceae","wild","native","wild-native","North America","United States of America","Kansas",39.124122,-102.007183,"WGS84",3722,NA
"34","NY","262343","PreservedSpecimen","Hyaloperonospora","sisymbrii-intermedii","Hyaloperonospora sisymbrii-intermedii","C T Rogerson",NA,1957,6,21,"1950","Descurainia pinnata","Brassicaceae","wild","native","wild-native","North America","United States of America","Kansas",NA,NA,NA,NA,NA
"35","NY","2758191","PreservedSpecimen","Hyaloperonospora","sisymbrii-intermedii","Hyaloperonospora sisymbrii-intermedii","C T Rogerson","s.n.",1984,7,28,"1980","Descurainia pinnata","Brassicaceae","wild","native","wild-native","North America","United States of America","Utah",NA,NA,NA,NA,NA
"36","NY","2758024","PreservedSpecimen","Hyaloperonospora","sisymbrii-officinalis","Hyaloperonospora sisymbrii-officinalis","C T Rogerson","s.n.",1987,5,7,"1980","Sisymbrium officinale","Brassicaceae","wild","non-native","wild-non-native","North America","United States of America","Utah",NA,NA,NA,NA,NA
"37","NY","2758048","PreservedSpecimen","Hyaloperonospora","sp","Hyaloperonospora sp","C T Rogerson","1521",1947,5,20,"1940","Cardamine concatenata","Brassicaceae","wild","native","wild-native","North America","United States of America","New York",42.397962,-76.422546,"WGS84",10511,NA
"38","NY","2758120","PreservedSpecimen","Hyaloperonospora","sp","Hyaloperonospora sp","C T Rogerson","s.n.",1948,5,9,"1940","Cardamine concatenata","Brassicaceae","wild","native","wild-native","North America","United States of America","New York",NA,NA,NA,NA,NA
"39","NY","262355","PreservedSpecimen","Hyaloperonospora","sp","Hyaloperonospora sp","C T Rogerson",NA,1953,5,30,"1950","Descurainia incana","Brassicaceae","wild","native","wild-native","North America","United States of America","Kansas",NA,NA,NA,NA,NA
"40","NY","262338","PreservedSpecimen","Hyaloperonospora","sp","Hyaloperonospora sp","C T Rogerson",NA,1957,4,30,"1950","Lepidium densiflorum","Brassicaceae","wild","non-native","wild-non-native","North America","United States of America","Kansas",37.274191,-97.16893,NA,1382,NA
"41","NY","2758200","PreservedSpecimen","Hyaloperonospora","sp","Hyaloperonospora sp","C T Rogerson","s.n.",1966,6,5,"1960","Descurainia incana","Brassicaceae","wild","native","wild-native","North America","United States of America","Utah",NA,NA,NA,NA,NA
"42","NY","2758195","PreservedSpecimen","Hyaloperonospora","sp","Hyaloperonospora sp","C T Rogerson","s.n.",1966,6,8,"1960","Descurainia incana","Brassicaceae","wild","native","wild-native","North America","United States of America","Utah",NA,NA,NA,NA,NA
"43","NY","2758209","PreservedSpecimen","Hyaloperonospora","sp","Hyaloperonospora sp","C T Rogerson","s.n.",1967,5,21,"1960","Cardamine concatenata","Brassicaceae","wild","native","wild-native","North America","United States of America","Pennsylvania",NA,NA,NA,NA,NA
"44","NY","2758198","PreservedSpecimen","Hyaloperonospora","sp","Hyaloperonospora sp","C T Rogerson","s.n.",1967,6,17,"1960","Erysimum capitatum","Brassicaceae","wild","native","wild-native","North America","United States of America","Utah",41.90631,-113.560598,"WGS84",2780,NA
"45","NY","2758208","PreservedSpecimen","Hyaloperonospora","sp","Hyaloperonospora sp","C T Rogerson","s.n.",1969,5,3,"1960","Cardamine concatenata","Brassicaceae","wild","native","wild-native","North America","United States of America","Pennsylvania",NA,NA,NA,NA,NA
"46","NY","2758118","PreservedSpecimen","Hyaloperonospora","sp","Hyaloperonospora sp","C T Rogerson","s.n.",1971,5,22,"1970","Cardamine concatenata","Brassicaceae","wild","native","wild-native","North America","United States of America","New York",NA,NA,NA,NA,NA
"47","NY","2758022","PreservedSpecimen","Hyaloperonospora","sp","Hyaloperonospora sp","C T Rogerson","s.n.",1971,8,27,"1970","Cardamine cordifolia","Brassicaceae","wild","native","wild-native","North America","United States of America","Utah",NA,NA,NA,NA,NA
"48","NY","2758021","PreservedSpecimen","Hyaloperonospora","sp","Hyaloperonospora sp","C T Rogerson","s.n.",1971,9,4,"1970","Rorippa curvisiliqua","Brassicaceae","wild","native","wild-native","North America","United States of America","Utah",41.641011,-111.342323,"WGS84",6451,NA
"49","NY","2758023","PreservedSpecimen","Hyaloperonospora","sp","Hyaloperonospora sp","C T Rogerson","s.n.",1971,9,4,"1970","Rorippa teres","Brassicaceae","wild","native","wild-native","North America","United States of America","Utah",NA,NA,NA,NA,NA
"50","NY","2758193","PreservedSpecimen","Hyaloperonospora","sp","Hyaloperonospora sp","C T Rogerson","s.n.",1975,8,11,"1970","Sisymbrium altissimum","Brassicaceae","wild","non-native","wild-non-native","North America","United States of America","Utah",NA,NA,NA,NA,NA
"51","NY","2758207","PreservedSpecimen","Hyaloperonospora","sp","Hyaloperonospora sp","C T Rogerson","s.n.",1976,5,2,"1970","Cardamine concatenata","Brassicaceae","wild","native","wild-native","North America","United States of America","Pennsylvania",NA,NA,NA,NA,NA
"52","NY","2758167","PreservedSpecimen","Hyaloperonospora","sp","Hyaloperonospora sp","C T Rogerson","s.n.",1990,6,19,"1990","Descurainia incana","Brassicaceae","wild","native","wild-native","North America","United States of America","Utah",NA,NA,NA,NA,NA
"53","BPI","BPI 789093","PreservedSpecimen","Paraperonospora","sulphurea","Paraperonospora sulphurea","C T Rogerson","s.n.",1967,7,2,"1960","Artemisia ludoviciana","Asteraceae","wild","native","wild-native","North America","United States of America","Utah",NA,NA,NA,NA,NA
"54","BPI","BPI 791223","PreservedSpecimen","Peronospora","aestivalis","Peronospora aestivalis","C T Rogerson","193",1940,10,25,"1940","Medicago sativa","Fabaceae","cultivated","non-native","cultivated-non-native","North America","United States of America","Utah",NA,NA,NA,NA,NA
"55","NY","262401","PreservedSpecimen","Peronospora","aestivalis","Peronospora aestivalis","C T Rogerson",NA,1953,5,20,"1950","Medicago sativa","Fabaceae","cultivated","non-native","cultivated-non-native","North America","United States of America","Kansas",39.852503,-95.535816,NA,2410,NA
"56","NY","262400","PreservedSpecimen","Peronospora","aestivalis","Peronospora aestivalis","C T Rogerson",NA,1957,6,12,"1950","Medicago sativa","Fabaceae","cultivated","non-native","cultivated-non-native","North America","United States of America","Kansas",38.148899,-97.845605,NA,3036,NA
"57","NY","2758575","PreservedSpecimen","Peronospora","aestivalis","Peronospora aestivalis","C T Rogerson","s.n.",1971,5,31,"1970","Medicago sativa","Fabaceae","cultivated","non-native","cultivated-non-native","North America","United States of America","Utah",41.349532,-111.818606,"WGS84",4272,NA
"58","NY","2758574","PreservedSpecimen","Peronospora","aestivalis","Peronospora aestivalis","C T Rogerson","s.n.",1974,6,9,"1970","Medicago sativa","Fabaceae","cultivated","non-native","cultivated-non-native","North America","United States of America","Utah",NA,NA,NA,NA,NA
"59","NY","2758573","PreservedSpecimen","Peronospora","aestivalis","Peronospora aestivalis","C T Rogerson","s.n.",1978,5,29,"1970","Medicago sativa","Fabaceae","cultivated","non-native","cultivated-non-native","North America","United States of America","Utah",41.349532,-111.818606,"WGS84",4272,NA
"60","NY","2758579","PreservedSpecimen","Peronospora","aestivalis f. lupulinae","Peronospora aestivalis f. lupulinae","C T Rogerson","s.n.",1993,9,1,"1990","Medicago lupulina","Fabaceae","cultivated","non-native","cultivated-non-native","North America","United States of America","Utah",NA,NA,NA,NA,NA
"61","BPI","BPI 786939","PreservedSpecimen","Peronospora","alsinearum","Peronospora alsinearum","C T Rogerson","s.n.",1965,7,26,"1960","Stellaria longipes","Caryophyllaceae","wild","native","wild-native","North America","United States of America","Idaho",NA,NA,NA,NA,NA
"62","BPI","BPI 786553","PreservedSpecimen","Peronospora","alta","Peronospora alta","C T Rogerson","s.n.",1971,9,4,"1970","Plantago major","Plantaginaceae","cultivated","non-native","cultivated-non-native","North America","United States of America","Utah",41.641011,-111.342323,"WGS84",6451,NA
"63","NY","1959559","PreservedSpecimen","Peronospora","alta","Peronospora alta","C T Rogerson","s.n.",1980,5,22,"1980","Plantago major","Plantaginaceae","cultivated","non-native","cultivated-non-native","North America","United States of America","New York",NA,NA,NA,NA,NA
"64","NY","1959519","PreservedSpecimen","Peronospora","alta","Peronospora alta","C T Rogerson","s.n.",1988,5,20,"1980","Plantago major","Plantaginaceae","cultivated","non-native","cultivated-non-native","North America","United States of America","Utah",NA,NA,NA,NA,NA
"65","NY","262385","PreservedSpecimen","Peronospora","americana","Peronospora americana","C T Rogerson",NA,1952,6,3,"1950","Fallopia scandens","Polygonaceae","wild","native","wild-native","North America","United States of America","Kansas",NA,NA,NA,NA,NA
"66","BPI","BPI 787352","PreservedSpecimen","Peronospora","aparines","Peronospora aparines","C T Rogerson","s.n.",1967,6,17,"1960","Galium aparine","Rubiaceae","wild","native","wild-native","North America","United States of America","Utah",NA,NA,NA,NA,NA
"67","NY","BPI 787148","PreservedSpecimen","Peronospora","arthurii","Peronospora arthurii","C T Rogerson","s.n.",1954,5,12,"1950","Oenothera laciniata","Onagraceae","wild","native","wild-native","North America","United States of America","Kansas",NA,NA,NA,NA,NA
"68","NY","261856","PreservedSpecimen","Peronospora","arthurii","Peronospora arthurii","C T Rogerson",NA,1957,4,30,"1950","Oenothera laciniata","Onagraceae","wild","native","wild-native","North America","United States of America","Kansas",37.274191,-97.16893,NA,1382,NA
"69","NY","261858","PreservedSpecimen","Peronospora","arthurii","Peronospora arthurii","C T Rogerson",NA,1957,5,29,"1950","Gaura mollis","Onagraceae","wild","native","wild-native","North America","United States of America","Kansas",38.656622,-96.942514,"WGS84",4485,NA
"70","NY","261857","PreservedSpecimen","Peronospora","arthurii","Peronospora arthurii","C T Rogerson",NA,1957,7,29,"1950","Oenothera laciniata","Onagraceae","wild","native","wild-native","North America","United States of America","Kansas",38.15957,-97.519207,"WGS84",5768,NA
"71","NY","1959639","PreservedSpecimen","Peronospora","arthurii","Peronospora arthurii","C T Rogerson","s.n.",1989,6,9,"1980","Clarkia rhomboidea","Onagraceae","wild","native","wild-native","North America","United States of America","Utah",NA,NA,NA,NA,NA
"72","NY","1959638","PreservedSpecimen","Peronospora","arthurii","Peronospora arthurii","C T Rogerson","s.n.",1990,6,6,"1990","Clarkia rhomboidea","Onagraceae","wild","native","wild-native","North America","United States of America","Utah",NA,NA,NA,NA,NA
"73","NY","2758576","PreservedSpecimen","Peronospora","astragali","Peronospora astragali","C T Rogerson","s.n.",1967,7,3,"1960","Astragalus cibarius","Fabaceae","wild","native","wild-native","North America","United States of America","Utah",NA,NA,NA,NA,NA
"74","NY","2758580","PreservedSpecimen","Peronospora","astragali","Peronospora astragali","C T Rogerson","s.n.",1995,7,3,"1990","Astragalus beckwithii var. purpureus","Fabaceae","wild","native","wild-native","North America","United States of America","Nevada",NA,NA,NA,NA,NA
"75","NY","1959825","PreservedSpecimen","Peronospora","borealis","Peronospora borealis","C T Rogerson","s.n.",1983,8,15,"1980","Galium boreale","Rubiaceae","wild","native","wild-native","North America","United States of America","Utah",41.893692,-111.643771,"WGS84",1124,NA
"76","NY","1959826","PreservedSpecimen","Peronospora","borealis","Peronospora borealis","C T Rogerson","s.n.",1984,7,28,"1980","Galium boreale","Rubiaceae","wild","native","wild-native","North America","United States of America","Utah",NA,NA,NA,NA,NA
"77","NY","1959824","PreservedSpecimen","Peronospora","calotheca var. galii-vaillantii","Peronospora calotheca var. galii-vaillantii","C T Rogerson","3999",1963,7,23,"1960","Galium spurium","Rubiaceae","wild","non-native","wild-non-native","North America","United States of America","Utah",NA,NA,NA,NA,NA
"78","BPI","BPI 787583","PreservedSpecimen","Peronospora","claytoniae","Peronospora claytoniae","C T Rogerson","s.n.",1967,6,29,"1960","Claytonia perfoliata","Montiaceae","wild","native","wild-native","North America","United States of America","Utah",41.90631,-113.560598,"WGS84",2780,NA
"79","NY","1959874","PreservedSpecimen","Peronospora","claytoniae","Peronospora claytoniae","C T Rogerson","s.n.",1991,7,14,"1990","Claytonia perfoliata","Montiaceae","wild","native","wild-native","North America","United States of America","Utah",NA,NA,NA,NA,NA
"80","NY","1959873","PreservedSpecimen","Peronospora","claytoniae","Peronospora claytoniae","C T Rogerson","s.n.",1996,5,10,"1990","Claytonia lanceolata","Montiaceae","wild","native","wild-native","North America","United States of America","Utah",NA,NA,NA,NA,NA
"81","NY","261871","PreservedSpecimen","Peronospora","corydalis","Peronospora corydalis","C T Rogerson",NA,1956,5,10,"1950","Corydalis flavula","Papaveraceae","wild","native","wild-native","North America","United States of America","Kansas",NA,NA,NA,NA,NA
"82","NY","261870","PreservedSpecimen","Peronospora","corydalis","Peronospora corydalis","C T Rogerson",NA,1957,5,5,"1950","Corydalis micrantha","Papaveraceae","wild","native","wild-native","North America","United States of America","Kansas",NA,NA,NA,NA,NA
"83","RMS","RMS0015623","PreservedSpecimen","Peronospora","cyparissiae","Peronospora cyparissiae","C T Rogerson","R3780",1956,7,18,"1950","Euphorbia maculata","Euphorbiaceae","wild","native","wild-native","North America","United States of America","Kansas",39.182611,-96.573525,"WGS84",328,NA
"84","NY","1959982","PreservedSpecimen","Peronospora","dicentrae","Peronospora dicentrae","C T Rogerson","1442",1947,5,20,"1940","Dicentra canadensis","Papaveraceae","wild","native","wild-native","North America","United States of America","New York",42.397962,-76.422546,"WGS84",10511,NA
"85","NY","1960077","PreservedSpecimen","Peronospora","dicentrae","Peronospora dicentrae","C T Rogerson","6673",1950,5,21,"1950","Dicentra canadensis","Papaveraceae","wild","native","wild-native","North America","United States of America","New York",NA,NA,NA,NA,NA
"86","NY","1960076","PreservedSpecimen","Peronospora","dicentrae","Peronospora dicentrae","C T Rogerson","s.n.",1977,4,16,"1970","Dicentra cucullaria","Papaveraceae","wild","native","wild-native","North America","United States of America","Maryland",39.613119,-76.148931,NA,153,NA
"87","NY","262443","PreservedSpecimen","Peronospora","echinospermi","Peronospora echinospermi","C T Rogerson",NA,1956,5,10,"1950","Lappula occidentalis","Boraginaceae","wild","native","wild-native","North America","United States of America","Kansas",NA,NA,NA,NA,NA
"88","NY","1960103","PreservedSpecimen","Peronospora","echinospermi","Peronospora echinospermi","C T Rogerson","s.n.",1985,7,25,"1980","Hackelia micrantha","Boraginaceae","wild","native","wild-native","North America","United States of America","Utah",NA,NA,NA,NA,NA
"89","NY","1960121","PreservedSpecimen","Peronospora","echinospermi","Peronospora echinospermi","C T Rogerson","s.n.",1988,5,22,"1980","Hackelia patens","Boraginaceae","wild","native","wild-native","North America","United States of America","Utah",NA,NA,NA,NA,NA
"90","NY","1960118","PreservedSpecimen","Peronospora","echinospermi","Peronospora echinospermi","C T Rogerson","s.n.",1989,8,9,"1980","Hackelia floribunda","Boraginaceae","wild","native","wild-native","North America","United States of America","Utah",NA,NA,NA,NA,NA
"91","NY","1960102","PreservedSpecimen","Peronospora","echinospermi","Peronospora echinospermi","C T Rogerson","s.n.",1990,6,12,"1990","Lappula occidentalis","Boraginaceae","wild","native","wild-native","North America","United States of America","Utah",38.251332,-113.62522,"WGS84",5872,NA
"92","NY","1960104","PreservedSpecimen","Peronospora","echinospermi","Peronospora echinospermi","C T Rogerson","s.n.",1991,7,14,"1990","Hackelia floribunda","Boraginaceae","wild","native","wild-native","North America","United States of America","Utah",NA,NA,NA,NA,NA
"93","NY","1960120","PreservedSpecimen","Peronospora","echinospermi","Peronospora echinospermi","C T Rogerson","s.n.",1994,6,7,"1990","Hackelia patens","Boraginaceae","wild","native","wild-native","North America","United States of America","Utah",NA,NA,NA,NA,NA
"94","NY","1960119","PreservedSpecimen","Peronospora","echinospermi","Peronospora echinospermi","C T Rogerson","s.n.",1994,6,16,"1990","Hackelia patens","Boraginaceae","wild","native","wild-native","North America","United States of America","Utah",NA,NA,NA,NA,NA
"95","NY","261881","PreservedSpecimen","Peronospora","euphorbiae","Peronospora euphorbiae","C T Rogerson","R3780",1956,7,18,"1950","Euphorbia maculata","Euphorbiaceae","wild","native","wild-native","North America","United States of America","Kansas",NA,NA,NA,NA,NA
"96","NY","261879","PreservedSpecimen","Peronospora","euphorbiae","Peronospora euphorbiae","C T Rogerson",NA,1956,7,20,"1950","Euphorbia maculata","Euphorbiaceae","wild","native","wild-native","North America","United States of America","Kansas",NA,NA,NA,NA,NA
"97","NY","261882","PreservedSpecimen","Peronospora","euphorbiae","Peronospora euphorbiae","C T Rogerson",NA,1956,8,9,"1950","Euphorbia maculata","Euphorbiaceae","wild","native","wild-native","North America","United States of America","Kansas",NA,NA,NA,NA,NA
"98","NY","261880","PreservedSpecimen","Peronospora","euphorbiae","Peronospora euphorbiae","C T Rogerson",NA,1956,8,10,"1950","Euphorbia maculata","Euphorbiaceae","wild","native","wild-native","North America","United States of America","Kansas",39.841113,-96.647242,NA,2962,NA
"99","NY","261883","PreservedSpecimen","Peronospora","euphorbiae","Peronospora euphorbiae","C T Rogerson",NA,1957,7,19,"1950","Euphorbia maculata","Euphorbiaceae","wild","native","wild-native","North America","United States of America","Kansas",NA,NA,NA,NA,NA
"100","NY","261876","PreservedSpecimen","Peronospora","euphorbiae","Peronospora euphorbiae","C T Rogerson",NA,1957,7,26,"1950","Euphorbia maculata","Euphorbiaceae","wild","native","wild-native","North America","United States of America","Kansas",NA,NA,NA,NA,NA
"101","NY","261874","PreservedSpecimen","Peronospora","euphorbiae-glyptospermae","Peronospora euphorbiae-glyptospermae","C T Rogerson",NA,1957,6,18,"1950","Euphorbia glyptosperma","Euphorbiaceae","wild","native","wild-native","North America","United States of America","Kansas",NA,NA,NA,NA,NA
"102","NY","261875","PreservedSpecimen","Peronospora","euphorbiae-glyptospermae","Peronospora euphorbiae-glyptospermae","C T Rogerson",NA,1957,6,19,"1950","Euphorbia glyptosperma","Euphorbiaceae","wild","native","wild-native","North America","United States of America","Kansas",NA,NA,NA,NA,NA
"103","NY","261878","PreservedSpecimen","Peronospora","euphorbiae-glyptospermae","Peronospora euphorbiae-glyptospermae","C T Rogerson",NA,1957,6,21,"1950","Euphorbia glyptosperma","Euphorbiaceae","wild","native","wild-native","North America","United States of America","Kansas",NA,NA,NA,NA,NA
"104","NY","1960491","PreservedSpecimen","Peronospora","ficariae","Peronospora ficariae","C T Rogerson","1524",1947,6,1,"1940","Ranunculus acris","Ranunculaceae","wild","non-native","wild-non-native","North America","United States of America","New York",NA,NA,NA,NA,NA
"105","NY","1960492","PreservedSpecimen","Peronospora","ficariae","Peronospora ficariae","C T Rogerson","3436",1948,5,10,"1940","Ranunculus acris","Ranunculaceae","wild","non-native","wild-non-native","North America","United States of America","New York",NA,NA,NA,NA,NA
"106","NY","1960489","PreservedSpecimen","Peronospora","ficariae","Peronospora ficariae","C T Rogerson","s.n.",1977,5,16,"1970","Ranunculus abortivus","Ranunculaceae","wild","native","wild-native","North America","United States of America","Maryland",39.613119,-76.148931,NA,153,NA
"107","NY","262410","PreservedSpecimen","Peronospora","gei","Peronospora gei","C T Rogerson",NA,1951,7,4,"1950","Geum canadense","Rosaceae","wild","native","wild-native","North America","United States of America","Kansas",NA,NA,NA,NA,NA
"108","NY","BPI 747176","PreservedSpecimen","Peronospora","grisea","Peronospora grisea","C T Rogerson","s.n.",1952,5,11,"1950","Veronica peregrina","Plantaginaceae","wild","native","wild-native","North America","United States of America","Kansas",39.1862975,-96.569755,"WGS84",1594,NA
"109","NY","1960258","PreservedSpecimen","Peronospora","grisea","Peronospora grisea","C T Rogerson","s.n.",1967,6,17,"1960","Collinsia parviflora","Plantaginaceae","wild","native","wild-native","North America","United States of America","Utah",NA,NA,NA,NA,NA
"110","BPI","BPI 788767","PreservedSpecimen","Peronospora","grisea","Peronospora grisea","C T Rogerson","s.n.",1971,6,3,"1970","Collinsia parviflora","Plantaginaceae","wild","native","wild-native","North America","United States of America","Utah",41.349532,-111.818606,"WGS84",4272,NA
"111","NY","1960255","PreservedSpecimen","Peronospora","grisea","Peronospora grisea","C T Rogerson","s.n.",1975,5,11,"1970","Veronica serpyllifolia","Plantaginaceae","wild","native","wild-native","North America","United States of America","Utah",41.349532,-111.818606,"WGS84",4272,NA
"112","NY","1960256","PreservedSpecimen","Peronospora","grisea","Peronospora grisea","C T Rogerson","s.n.",1978,5,29,"1970","Collinsia parviflora","Plantaginaceae","wild","native","wild-native","North America","United States of America","Utah",NA,NA,NA,NA,NA
"113","NY","1960246","PreservedSpecimen","Peronospora","grisea","Peronospora grisea","C T Rogerson","s.n.",1986,4,15,"1980","Collinsia parviflora","Plantaginaceae","wild","native","wild-native","North America","United States of America","Utah",41.298685,-111.738214,"WGS84",4492,NA
"114","NY","1960244","PreservedSpecimen","Peronospora","grisea","Peronospora grisea","C T Rogerson","s.n.",1989,6,9,"1980","Collinsia parviflora","Plantaginaceae","wild","native","wild-native","North America","United States of America","Utah",NA,NA,NA,NA,NA
"115","NY","1960245","PreservedSpecimen","Peronospora","grisea","Peronospora grisea","C T Rogerson","s.n.",1990,6,19,"1990","Collinsia parviflora","Plantaginaceae","wild","native","wild-native","North America","United States of America","Utah",NA,NA,NA,NA,NA
"116","BPI","WSP52676","PreservedSpecimen","Peronospora","hydrophylli","Peronospora hydrophylli","C T Rogerson","3989",1962,5,30,"1960","Hydrophyllum capitatum","Boraginaceae","wild","native","wild-native","North America","United States of America","Utah",41.23472,-112.00167,NA,NA,NA
"117","NY","1960343","PreservedSpecimen","Peronospora","hydrophylli","Peronospora hydrophylli","C T Rogerson","s.n.",1964,6,3,"1960","Hydrophyllum capitatum","Boraginaceae","wild","native","wild-native","North America","United States of America","Utah",NA,NA,NA,NA,NA
"118","NY","1960344","PreservedSpecimen","Peronospora","hydrophylli","Peronospora hydrophylli","C T Rogerson","s.n.",1971,6,3,"1970","Hydrophyllum capitatum","Boraginaceae","wild","native","wild-native","North America","United States of America","Utah",41.349532,-111.818606,"WGS84",4272,NA
"119","NY","1960340","PreservedSpecimen","Peronospora","hydrophylli","Peronospora hydrophylli","C T Rogerson","s.n.",1974,6,9,"1970","Hydrophyllum capitatum","Boraginaceae","wild","native","wild-native","North America","United States of America","Utah",NA,NA,NA,NA,NA
"120","NY","1960342","PreservedSpecimen","Peronospora","hydrophylli","Peronospora hydrophylli","C T Rogerson","s.n.",1981,5,6,"1980","Hydrophyllum capitatum","Boraginaceae","wild","native","wild-native","North America","United States of America","Utah",41.203869,-111.936474,"WGS84",785,NA
"121","NY","1960339","PreservedSpecimen","Peronospora","hydrophylli","Peronospora hydrophylli","C T Rogerson","s.n.",1983,5,1,"1980","Hydrophyllum capitatum","Boraginaceae","wild","native","wild-native","North America","United States of America","Utah",41.349532,-111.818606,"WGS84",4272,NA
"122","NY","1960345","PreservedSpecimen","Peronospora","hydrophylli","Peronospora hydrophylli","C T Rogerson","s.n.",1985,5,3,"1980","Hydrophyllum capitatum","Boraginaceae","wild","native","wild-native","North America","United States of America","Utah",NA,NA,NA,NA,NA
"123","NY","1960333","PreservedSpecimen","Peronospora","hydrophylli","Peronospora hydrophylli","C T Rogerson","s.n.",1988,5,18,"1980","Hydrophyllum capitatum","Boraginaceae","wild","native","wild-native","North America","United States of America","Utah",NA,NA,NA,NA,NA
"124","NY","1960332","PreservedSpecimen","Peronospora","hydrophylli","Peronospora hydrophylli","C T Rogerson","s.n.",1990,5,27,"1990","Hydrophyllum capitatum","Boraginaceae","wild","native","wild-native","North America","United States of America","Utah",41.349532,-111.818606,"WGS84",4272,NA
"125","NY","1960331","PreservedSpecimen","Peronospora","hydrophylli","Peronospora hydrophylli","C T Rogerson","s.n.",1992,4,26,"1990","Hydrophyllum capitatum","Boraginaceae","wild","native","wild-native","North America","United States of America","Utah",NA,NA,NA,NA,NA
"126","WSP","WSP45333","PreservedSpecimen","Peronospora","lithospermi","Peronospora lithospermi","C T Rogerson",NA,1957,5,5,"1950","Buglossoides arvensis","Boraginaceae","wild","non-native","wild-non-native","North America","United States of America","Kansas",39.169114,-96.57139,NA,NA,NA
"127","NY","261865","PreservedSpecimen","Peronospora","lophanthi","Peronospora lophanthi","C T Rogerson","s.n.",1951,6,9,"1950","Agastache nepetoides","Lamiaceae","cultivated","native","cultivated-native","North America","United States of America","Kansas",39.179405,-96.563195,NA,NA,NA
"128","BPI","BPI 789220","PreservedSpecimen","Peronospora","lophanthi","Peronospora lophanthi","C T Rogerson",NA,1952,1,28,"1950","Agastache nepetoides","Lamiaceae","cultivated","native","cultivated-native","North America","United States of America","Kansas",39.1752,-96.555,NA,NA,NA
"129","NY","1960714","PreservedSpecimen","Peronospora","lotorum","Peronospora lotorum","C T Rogerson","s.n.",1995,7,22,"1990","Ottleya utahensis","Fabaceae","wild","native","wild-native","North America","United States of America","Utah",NA,NA,NA,NA,NA
"130","WSP","WSP36577","PreservedSpecimen","Peronospora","monolepidis","Peronospora monolepidis","C T Rogerson","R3632",1953,5,19,"1950","Monolepis nuttalliana","Amaranthaceae","wild","native","wild-native","North America","United States of America","Kansas",39.17206,-96.5851225,"WGS84",8950,NA
"131","NY","262431","PreservedSpecimen","Peronospora","monolepidis","Peronospora monolepidis","C T Rogerson",NA,1957,4,30,"1950","Monolepis nuttalliana","Amaranthaceae","wild","native","wild-native","North America","United States of America","Kansas",37.274178,-97.223598,"WGS84",5572,NA
"132","NY","1960770","PreservedSpecimen","Peronospora","myosotidis","Peronospora myosotidis","C T Rogerson","3840",1957,5,22,"1950","Myosotis verna","Boraginaceae","wild","native","wild-native","North America","United States of America","Kansas",38.6155276666667,-95.1748963333333,"WGS84",10701,NA
"133","BPI","BPI 789551","PreservedSpecimen","Peronospora","myosotidis","Peronospora myosotidis","C T Rogerson","3994",1962,5,30,"1960","Plagiobothrys scopulorum","Boraginaceae","wild","native","wild-native","North America","United States of America","Utah",NA,NA,NA,NA,NA
"134","BPI","BPI 747248","PreservedSpecimen","Peronospora","myosotidis","Peronospora myosotidis","C T Rogerson","s.n.",1967,6,29,"1960","Cryptantha watsonii","Boraginaceae","wild","native","wild-native","North America","United States of America","Utah",41.90631,-113.560598,"WGS84",2780,NA
"135","NY","BPI 789570","PreservedSpecimen","Peronospora","narbonensis","Peronospora narbonensis","C T Rogerson","s.n.",1966,6,5,"1960","Vicia americana","Fabaceae","wild","native","wild-native","North America","United States of America","Utah",NA,NA,NA,NA,NA
"136","NY","1960777","PreservedSpecimen","Peronospora","narbonensis","Peronospora narbonensis","C T Rogerson","s.n.",1967,6,17,"1960","Vicia americana","Fabaceae","wild","native","wild-native","North America","United States of America","Utah",NA,NA,NA,NA,NA
"137","NY","1960776","PreservedSpecimen","Peronospora","narbonensis","Peronospora narbonensis","C T Rogerson","s.n.",1971,6,12,"1970","Vicia americana","Fabaceae","wild","native","wild-native","North America","United States of America","Utah",NA,NA,NA,NA,NA
"138","NY","1960778","PreservedSpecimen","Peronospora","narbonensis","Peronospora narbonensis","C T Rogerson","s.n.",1971,6,13,"1970","Vicia americana","Fabaceae","wild","native","wild-native","North America","United States of America","Utah",41.349532,-111.818606,"WGS84",4272,NA
"139","NY","1960774","PreservedSpecimen","Peronospora","narbonensis","Peronospora narbonensis","C T Rogerson","s.n.",1976,6,26,"1970","Vicia americana","Fabaceae","wild","native","wild-native","North America","United States of America","Utah",NA,NA,NA,NA,NA
"140","NY","1960779","PreservedSpecimen","Peronospora","narbonensis","Peronospora narbonensis","C T Rogerson","s.n.",1984,7,12,"1980","Vicia americana","Fabaceae","wild","native","wild-native","North America","United States of America","Utah",NA,NA,NA,NA,NA
"141","BPI","BPI 789572","PreservedSpecimen","Peronospora","nemophilae","Peronospora nemophilae","C T Rogerson","3988",1962,5,30,"1960","Nemophila breviflora","Boraginaceae","wild","native","wild-native","North America","United States of America","Utah",41.23472,-112.00167,NA,NA,NA
"142","NY","1960788","PreservedSpecimen","Peronospora","nemophilae","Peronospora nemophilae","C T Rogerson","s.n.",1967,7,3,"1960","Nemophila breviflora","Boraginaceae","wild","native","wild-native","North America","United States of America","Utah",NA,NA,NA,NA,NA
"143","NY","1960786","PreservedSpecimen","Peronospora","nemophilae","Peronospora nemophilae","C T Rogerson","s.n.",1986,4,22,"1980","Nemophila parviflora","Boraginaceae","wild","native","wild-native","North America","United States of America","Utah",41.298685,-111.738214,"WGS84",4492,NA
"144","NY","1960785","PreservedSpecimen","Peronospora","nemophilae","Peronospora nemophilae","C T Rogerson","s.n.",1986,5,16,"1980","Nemophila parviflora","Boraginaceae","wild","native","wild-native","North America","United States of America","Utah",NA,NA,NA,NA,NA
"145","NY","1960787","PreservedSpecimen","Peronospora","nemophilae","Peronospora nemophilae","C T Rogerson","s.n.",1988,5,24,"1980","Nemophila breviflora","Boraginaceae","wild","native","wild-native","North America","United States of America","Utah",NA,NA,NA,NA,NA
"146","NY","1960782","PreservedSpecimen","Peronospora","nemophilae","Peronospora nemophilae","C T Rogerson","s.n.",1990,6,6,"1990","Nemophila breviflora","Boraginaceae","wild","native","wild-native","North America","United States of America","Utah",NA,NA,NA,NA,NA
"147","NY","1960783","PreservedSpecimen","Peronospora","nemophilae","Peronospora nemophilae","C T Rogerson","s.n.",1991,6,21,"1990","Nemophila breviflora","Boraginaceae","wild","native","wild-native","North America","United States of America","Utah",NA,NA,NA,NA,NA
"148","NY","1960784","PreservedSpecimen","Peronospora","nemophilae","Peronospora nemophilae","C T Rogerson","s.n.",1991,6,25,"1990","Nemophila breviflora","Boraginaceae","wild","native","wild-native","North America","United States of America","Utah",NA,NA,NA,NA,NA
"149","BPI","261908","PreservedSpecimen","Peronospora","oxybaphi","Peronospora oxybaphi","C T Rogerson","s.n.",1951,5,26,"1950","Mirabilis nyctaginea","Nyctaginaceae","wild","native","wild-native","North America","United States of America","Kansas",39.180565,-96.5773868,"WGS84",5016,NA
"150","NY","261906","PreservedSpecimen","Peronospora","oxybaphi","Peronospora oxybaphi","C T Rogerson",NA,1954,6,8,"1950","Mirabilis nyctaginea","Nyctaginaceae","wild","native","wild-native","North America","United States of America","Kansas",NA,NA,NA,NA,NA
"151","NY","261907","PreservedSpecimen","Peronospora","oxybaphi","Peronospora oxybaphi","C T Rogerson",NA,1956,5,14,"1950","Mirabilis nyctaginea","Nyctaginaceae","wild","native","wild-native","North America","United States of America","Kansas",39.783448,-96.014102,NA,14542,NA
"152","NY","261909","PreservedSpecimen","Peronospora","oxybaphi","Peronospora oxybaphi","C T Rogerson",NA,1957,6,6,"1950","Mirabilis nyctaginea","Nyctaginaceae","wild","native","wild-native","North America","United States of America","Kansas",NA,NA,NA,NA,NA
"153","BPI","BPI 747241","PreservedSpecimen","Peronospora","phlogina","Peronospora phlogina","C T Rogerson","3991",1962,5,30,"1960","Microsteris gracilis","Polemoniaceae","wild","native","wild-native","North America","United States of America","Utah",41.23472,-112.00167,NA,NA,NA
"154","NY","2758223","PreservedSpecimen","Peronospora","phlogina","Peronospora phlogina","C T Rogerson","s.n.",1967,6,17,"1960","Microsteris gracilis","Polemoniaceae","wild","native","wild-native","North America","United States of America","Utah",NA,NA,NA,NA,NA
"155","BPI","BPI 789712","PreservedSpecimen","Peronospora","phlogina","Peronospora phlogina","C T Rogerson","s.n.",1967,6,29,"1960","Collomia linearis","Polemoniaceae","wild","native","wild-native","North America","United States of America","Utah",41.90631,-113.560598,"WGS84",2780,NA
"156","NY","2758224","PreservedSpecimen","Peronospora","phlogina","Peronospora phlogina","C T Rogerson","s.n.",1967,6,29,"1960","Microsteris gracilis","Polemoniaceae","wild","native","wild-native","North America","United States of America","Utah",41.90631,-113.560598,"WGS84",2780,NA
"157","NY","2758222","PreservedSpecimen","Peronospora","phlogina","Peronospora phlogina","C T Rogerson","s.n.",1986,4,15,"1980","Microsteris gracilis","Polemoniaceae","wild","native","wild-native","North America","United States of America","Utah",41.298685,-111.738214,"WGS84",4492,NA
"158","NY","2758217","PreservedSpecimen","Peronospora","phlogina","Peronospora phlogina","C T Rogerson","s.n.",1989,6,6,"1980","Collomia linearis","Polemoniaceae","wild","native","wild-native","North America","United States of America","Utah",41.385683,-111.934761,"WGS84",2062,NA
"159","NY","2758220","PreservedSpecimen","Peronospora","phlogina","Peronospora phlogina","C T Rogerson","s.n.",1990,6,25,"1990","Collomia linearis","Polemoniaceae","wild","native","wild-native","North America","United States of America","Utah",41.385683,-111.934761,"WGS84",2062,NA
"160","NY","2758218","PreservedSpecimen","Peronospora","phlogina","Peronospora phlogina","C T Rogerson","s.n.",1991,6,21,"1990","Collomia linearis","Polemoniaceae","wild","native","wild-native","North America","United States of America","Utah",NA,NA,NA,NA,NA
"161","NY","2758216","PreservedSpecimen","Peronospora","phlogina","Peronospora phlogina","C T Rogerson","s.n.",1992,6,4,"1990","Collomia linearis","Polemoniaceae","wild","native","wild-native","North America","United States of America","Utah",NA,NA,NA,NA,NA
"162","NY","2758219","PreservedSpecimen","Peronospora","phlogina","Peronospora phlogina","C T Rogerson","s.n.",1993,7,27,"1990","Collomia grandiflora","Polemoniaceae","wild","native","wild-native","North America","United States of America","Utah",NA,NA,NA,NA,NA
"163","NY","261936","PreservedSpecimen","Peronospora","plantaginis","Peronospora plantaginis","C T Rogerson","R3635",1952,6,9,"1950","Plantago rhodosperma","Plantaginaceae","wild","native","wild-native","North America","United States of America","Kansas",39.18361,-96.57139,NA,NA,NA
"164","NY","2758407","PreservedSpecimen","Peronospora","saxifragae","Peronospora saxifragae","C T Rogerson","s.n.",1980,4,27,"1980","Lithophragma parviflorum","Saxifragaceae","wild","native","wild-native","North America","United States of America","Utah",41.349532,-111.818606,"WGS84",4272,NA
"165","NY","2758406","PreservedSpecimen","Peronospora","saxifragae","Peronospora saxifragae","C T Rogerson","s.n.",1981,4,29,"1980","Lithophragma bulbiferum","Saxifragaceae","wild","native","wild-native","North America","United States of America","Utah",41.349532,-111.818606,"WGS84",4272,NA
"166","NY","2758411","PreservedSpecimen","Peronospora","saxifragae","Peronospora saxifragae","C T Rogerson","s.n.",1986,4,15,"1980","Lithophragma parviflorum","Saxifragaceae","wild","native","wild-native","North America","United States of America","Utah",NA,NA,NA,NA,NA
"167","NY","2758410","PreservedSpecimen","Peronospora","saxifragae","Peronospora saxifragae","C T Rogerson","s.n.",1987,4,29,"1980","Lithophragma parviflorum","Saxifragaceae","wild","native","wild-native","North America","United States of America","Utah",NA,NA,NA,NA,NA
"168","NY","2758412","PreservedSpecimen","Peronospora","saxifragae","Peronospora saxifragae","C T Rogerson","s.n.",1989,5,4,"1980","Lithophragma parviflorum","Saxifragaceae","wild","native","wild-native","North America","United States of America","Utah",NA,NA,NA,NA,NA
"169","NY","2758443","PreservedSpecimen","Peronospora","sordida","Peronospora sordida","C T Rogerson","s.n.",1985,7,18,"1980","Scrophularia lanceolata","Scrophulariaceae","cultivated","native","cultivated-native","North America","United States of America","Utah",NA,NA,NA,NA,NA
"170","WSP","WSP36576","PreservedSpecimen","Peronospora","sp","Peronospora sp","C T Rogerson","R3634",1953,5,19,"1950","Chenopodium simplex","Amaranthaceae","wild","native","wild-native","North America","United States of America","Kansas",39.2122685,-96.6717275,"WGS84",15392,NA
"171","NY","262430","PreservedSpecimen","Peronospora","sp","Peronospora sp","C T Rogerson",NA,1957,6,19,"1950","Chenopodium simplex","Amaranthaceae","wild","native","wild-native","North America","United States of America","Kansas",NA,NA,NA,NA,NA
"172","NY","1959415","PreservedSpecimen","Peronospora","sp","Peronospora sp","C T Rogerson","s.n.",1971,8,27,"1970","Pseudostellaria jamesiana","Caryophyllaceae","wild","native","wild-native","North America","United States of America","Utah",NA,NA,NA,NA,NA
"173","NY","2758280","PreservedSpecimen","Peronospora","sp","Peronospora sp","C T Rogerson","s.n.",1985,10,20,"1980","Duchesnea indica","Rosaceae","wild","native","wild-native","North America","United States of America","Pennsylvania",NA,NA,NA,NA,NA
"174","BPI","BPI 747269","PreservedSpecimen","Peronospora","sp","Peronospora sp","C T Rogerson","92-91",1992,6,21,"1990","Lupinus sericeus","Fabaceae","wild","native","wild-native","North America","United States of America","Utah",38.476745,-113.288298,NA,5914,NA
"175","NY","1959491","PreservedSpecimen","Peronospora","sp","Peronospora sp","C T Rogerson","s.n.",1992,6,27,"1990","Pseudostellaria jamesiana","Caryophyllaceae","wild","native","wild-native","North America","United States of America","Nevada",NA,NA,NA,NA,NA
"176","NY","1959490","PreservedSpecimen","Peronospora","sp","Peronospora sp","C T Rogerson","s.n.",1993,6,2,"1990","Pseudostellaria jamesiana","Caryophyllaceae","wild","native","wild-native","North America","United States of America","Utah",NA,NA,NA,NA,NA
"177","NY","1959489","PreservedSpecimen","Peronospora","sp","Peronospora sp","C T Rogerson","s.n.",1993,6,4,"1990","Pseudostellaria jamesiana","Caryophyllaceae","wild","native","wild-native","North America","United States of America","Utah",NA,NA,NA,NA,NA
"178","NY","2758539","PreservedSpecimen","Peronospora","sp","Peronospora sp","C T Rogerson","s.n.",1995,9,6,"1990","Lupinus sericeus","Fabaceae","wild","native","wild-native","North America","United States of America","Utah",NA,NA,NA,NA,NA
"179","BPI","BPI 791610","PreservedSpecimen","Peronospora","valerianellae","Peronospora valerianellae","C T Rogerson","3801",1957,5,22,"1950","Valerianella radiata","Caprifoliaceae","wild","native","wild-native","North America","United States of America","Kansas",NA,NA,NA,NA,NA
"180","NY","WSP36700","PreservedSpecimen","Peronospora","variabilis","Peronospora variabilis","C T Rogerson","R3633",1953,5,19,"1950","Chenopodium album","Amaranthaceae","cultivated","non-native","cultivated-non-native","North America","United States of America","Kansas",39.0623696666667,-96.728471,"WGS84",21622.5,NA
"181","NY","262427","PreservedSpecimen","Peronospora","variabilis","Peronospora variabilis","C T Rogerson",NA,1954,5,27,"1950","Chenopodium album","Amaranthaceae","cultivated","non-native","cultivated-non-native","North America","United States of America","Kansas",NA,NA,NA,NA,NA
"182","NY","262426","PreservedSpecimen","Peronospora","variabilis","Peronospora variabilis","C T Rogerson",NA,1956,6,1,"1950","Chenopodium album","Amaranthaceae","cultivated","non-native","cultivated-non-native","North America","United States of America","Kansas",38.397223,-96.592447,"WGS84",5630,NA
"183","NY","262428","PreservedSpecimen","Peronospora","variabilis","Peronospora variabilis","C T Rogerson",NA,1957,6,20,"1950","Chenopodium album","Amaranthaceae","cultivated","non-native","cultivated-non-native","North America","United States of America","Kansas",NA,NA,NA,NA,NA
"184","BPI","BPI 788460","PreservedSpecimen","Peronospora","variabilis","Peronospora variabilis","C T Rogerson","3990",1962,5,30,"1960","Chenopodium album","Amaranthaceae","cultivated","non-native","cultivated-non-native","North America","United States of America","Utah",41.23472,-112.00167,NA,NA,NA
"185","BPI","BPI 788459","PreservedSpecimen","Peronospora","variabilis","Peronospora variabilis","C T Rogerson","s.n.",1977,5,29,"1970","Chenopodium album","Amaranthaceae","cultivated","non-native","cultivated-non-native","North America","United States of America","Utah",41.349532,-111.818606,"WGS84",4272,NA
"186","NY","1960472","PreservedSpecimen","Peronospora","variabilis","Peronospora variabilis","C T Rogerson","s.n.",1991,7,14,"1990","Chenopodium album","Amaranthaceae","cultivated","non-native","cultivated-non-native","North America","United States of America","Utah",NA,NA,NA,NA,NA
"187","NY","WSP45373","PreservedSpecimen","Peronospora","viciae","Peronospora viciae","C T Rogerson","s.n.",1955,5,17,"1950","Vicia villosa","Fabaceae","cultivated","non-native","cultivated-non-native","North America","United States of America","Kansas",39.1255865,-96.615432,"WGS84",1105,NA
"188","NY","321678","PreservedSpecimen","Plasmopara","australis","Plasmopara australis","C T Rogerson",NA,1950,10,6,"1950","Sicyos angulatus","Cucurbitaceae","wild","native","wild-native","North America","United States of America","Kansas",38.309556,-95.24167,NA,NA,NA
"189","NY","321675","PreservedSpecimen","Plasmopara","australis","Plasmopara australis","C T Rogerson",NA,1951,8,27,"1950","Sicyos angulatus","Cucurbitaceae","wild","native","wild-native","North America","United States of America","Kansas",NA,NA,NA,NA,NA
"190","NY","321668","PreservedSpecimen","Plasmopara","australis","Plasmopara australis","C T Rogerson",NA,1957,7,16,"1950","Sicyos angulatus","Cucurbitaceae","wild","native","wild-native","North America","United States of America","Kansas",39.496443,-96.525747,"WGS84",8232,NA
"191","NY","321667","PreservedSpecimen","Plasmopara","australis","Plasmopara australis","C T Rogerson",NA,1957,10,18,"1950","Sicyos angulatus","Cucurbitaceae","wild","native","wild-native","North America","United States of America","Kansas",NA,NA,NA,NA,NA
"192","NY","2758878","PreservedSpecimen","Plasmopara","australis","Plasmopara australis","C T Rogerson","s.n.",1981,10,10,"1980","Sicyos angulatus","Cucurbitaceae","wild","native","wild-native","North America","United States of America","Pennsylvania",NA,NA,NA,NA,NA
"193","NY","2759518","PreservedSpecimen","Plasmopara","geranii","Plasmopara geranii","C T Rogerson","s.n.",1961,6,10,"1960","Geranium maculatum","Geraniaceae","wild","native","wild-native","North America","United States of America","New York",NA,NA,NA,NA,NA
"194","BPI","BPI 796410","PreservedSpecimen","Plasmopara","geranii","Plasmopara geranii","C T Rogerson","s.n.",1965,7,19,"1960","Geranium richardsonii","Geraniaceae","wild","native","wild-native","North America","United States of America","Utah",NA,NA,NA,NA,NA
"195","NY","2759137","PreservedSpecimen","Plasmopara","geranii","Plasmopara geranii","C T Rogerson","s.n.",1965,7,26,"1960","Geranium richardsonii","Geraniaceae","wild","native","wild-native","North America","United States of America","Idaho",NA,NA,NA,NA,NA
"196","NY","2759146","PreservedSpecimen","Plasmopara","geranii","Plasmopara geranii","C T Rogerson","s.n.",1971,8,27,"1970","Geranium richardsonii","Geraniaceae","wild","native","wild-native","North America","United States of America","Utah",NA,NA,NA,NA,NA
"197","NY","2759066","PreservedSpecimen","Plasmopara","geranii","Plasmopara geranii","C T Rogerson","s.n.",1973,6,16,"1970","Geranium maculatum","Geraniaceae","wild","native","wild-native","North America","United States of America","Massachusetts",NA,NA,NA,NA,NA
"198","NY","2759150","PreservedSpecimen","Plasmopara","geranii","Plasmopara geranii","C T Rogerson","s.n.",1973,8,23,"1970","Geranium richardsonii","Geraniaceae","wild","native","wild-native","North America","United States of America","Utah",NA,NA,NA,NA,NA
"199","NY","2759147","PreservedSpecimen","Plasmopara","geranii","Plasmopara geranii","C T Rogerson","s.n.",1974,6,9,"1970","Geranium richardsonii","Geraniaceae","wild","native","wild-native","North America","United States of America","Utah",NA,NA,NA,NA,NA
"200","NY","2759148","PreservedSpecimen","Plasmopara","geranii","Plasmopara geranii","C T Rogerson","s.n.",1974,7,6,"1970","Geranium richardsonii","Geraniaceae","wild","native","wild-native","North America","United States of America","Utah",NA,NA,NA,NA,NA
"201","NY","2759154","PreservedSpecimen","Plasmopara","geranii","Plasmopara geranii","C T Rogerson","s.n.",1976,7,1,"1970","Geranium richardsonii","Geraniaceae","wild","native","wild-native","North America","United States of America","Utah",NA,NA,NA,NA,NA
"202","NY","2759151","PreservedSpecimen","Plasmopara","geranii","Plasmopara geranii","C T Rogerson","s.n.",1978,6,8,"1970","Geranium richardsonii","Geraniaceae","wild","native","wild-native","North America","United States of America","Utah",NA,NA,NA,NA,NA
"203","NY","2759073","PreservedSpecimen","Plasmopara","geranii","Plasmopara geranii","C T Rogerson","s.n.",1978,6,24,"1970","Geranium maculatum","Geraniaceae","wild","native","wild-native","North America","United States of America","Virginia",NA,NA,NA,NA,NA
"204","NY","2759155","PreservedSpecimen","Plasmopara","geranii","Plasmopara geranii","C T Rogerson","s.n.",1979,8,2,"1970","Geranium richardsonii","Geraniaceae","wild","native","wild-native","North America","United States of America","Utah",NA,NA,NA,NA,NA
"205","NY","2759049","PreservedSpecimen","Plasmopara","geranii","Plasmopara geranii","C T Rogerson","s.n.",1982,7,27,"1980","Geranium richardsonii","Geraniaceae","wild","native","wild-native","North America","United States of America","Utah",NA,NA,NA,NA,NA
"206","NY","2759050","PreservedSpecimen","Plasmopara","geranii","Plasmopara geranii","C T Rogerson","s.n.",1982,8,1,"1980","Geranium richardsonii","Geraniaceae","wild","native","wild-native","North America","United States of America","Utah",NA,NA,NA,NA,NA
"207","NY","2759152","PreservedSpecimen","Plasmopara","geranii","Plasmopara geranii","C T Rogerson","s.n.",1983,8,8,"1980","Geranium richardsonii","Geraniaceae","wild","native","wild-native","North America","United States of America","Utah",NA,NA,NA,NA,NA
"208","NY","2759156","PreservedSpecimen","Plasmopara","geranii","Plasmopara geranii","C T Rogerson","s.n.",1983,8,15,"1980","Geranium richardsonii","Geraniaceae","wild","native","wild-native","North America","United States of America","Utah",NA,NA,NA,NA,NA
"209","NY","2759035","PreservedSpecimen","Plasmopara","geranii","Plasmopara geranii","C T Rogerson","s.n.",1984,6,9,"1980","Geranium maculatum","Geraniaceae","wild","native","wild-native","North America","United States of America","Pennsylvania",NA,NA,NA,NA,NA
"210","NY","2759143","PreservedSpecimen","Plasmopara","geranii","Plasmopara geranii","C T Rogerson","s.n.",1988,8,29,"1980","Geranium richardsonii","Geraniaceae","wild","native","wild-native","North America","United States of America","Utah",NA,NA,NA,NA,NA
"211","NY","2759145","PreservedSpecimen","Plasmopara","geranii","Plasmopara geranii","C T Rogerson","s.n.",1989,8,18,"1980","Geranium richardsonii","Geraniaceae","wild","native","wild-native","North America","United States of America","Utah",41.385683,-111.934761,"WGS84",2062,NA
"212","NY","2759034","PreservedSpecimen","Plasmopara","geranii","Plasmopara geranii","C T Rogerson","s.n.",1990,6,25,"1990","Geranium richardsonii","Geraniaceae","wild","native","wild-native","North America","United States of America","Utah",41.385683,-111.934761,"WGS84",2062,NA
"213","NY","2759144","PreservedSpecimen","Plasmopara","geranii","Plasmopara geranii","C T Rogerson","s.n.",1992,5,18,"1990","Geranium richardsonii","Geraniaceae","wild","native","wild-native","North America","United States of America","Utah",41.385683,-111.934761,"WGS84",2062,NA
"214","NY","2759153","PreservedSpecimen","Plasmopara","geranii","Plasmopara geranii","C T Rogerson","s.n.",1992,7,9,"1990","Geranium richardsonii","Geraniaceae","wild","native","wild-native","North America","United States of America","Utah",38.534833,-109.272667,NA,NA,NA
"215","NY","2759142","PreservedSpecimen","Plasmopara","geranii","Plasmopara geranii","C T Rogerson","s.n.",1995,9,20,"1990","Geranium richardsonii","Geraniaceae","wild","native","wild-native","North America","United States of America","Utah",NA,NA,NA,NA,NA
"216","NY","321371","PreservedSpecimen","Plasmopara","halstedii","Plasmopara halstedii","C T Rogerson",NA,1953,5,19,"1950","Ambrosia trifida","Asteraceae","wild","native","wild-native","North America","United States of America","Kansas",39.264817,-96.782625,"WGS84",15392,NA
"217","NY","321368","PreservedSpecimen","Plasmopara","halstedii","Plasmopara halstedii","C T Rogerson",NA,1953,6,3,"1950","Ambrosia trifida","Asteraceae","wild","native","wild-native","North America","United States of America","Kansas",39.030556,-97.594199,NA,1069,NA
"218","NY","321366","PreservedSpecimen","Plasmopara","halstedii","Plasmopara halstedii","C T Rogerson",NA,1957,5,28,"1950","Vernonia baldwinii","Asteraceae","wild","native","wild-native","North America","United States of America","Kansas",39.14012,-96.571669,"WGS84",9744,NA
"219","NY","321365","PreservedSpecimen","Plasmopara","halstedii","Plasmopara halstedii","C T Rogerson",NA,1957,6,11,"1950","Ambrosia artemisiifolia","Asteraceae","wild","native","wild-native","North America","United States of America","Kansas",37.010008,-94.737449,"WGS84",5262,NA
"220","NY","2758739","PreservedSpecimen","Plasmopara","halstedii","Plasmopara halstedii","C T Rogerson","s.n.",1957,6,11,"1950","Rudbeckia hirta","Asteraceae","cultivated","native","cultivated-native","North America","United States of America","Kansas",37.1639,-95.6944,NA,NA,NA
"221","NY","321367","PreservedSpecimen","Plasmopara","halstedii","Plasmopara halstedii","C T Rogerson",NA,1958,3,19,"1950","Rudbeckia hirta","Asteraceae","cultivated","native","cultivated-native","North America","United States of America","Kansas",NA,NA,NA,NA,NA
"222","NY","2758979","PreservedSpecimen","Plasmopara","halstedii","Plasmopara halstedii","C T Rogerson","s.n.",1969,6,8,"1960","Ambrosia trifida","Asteraceae","wild","native","wild-native","North America","United States of America","Pennsylvania",NA,NA,NA,NA,NA
"223","NY","WSP45335","PreservedSpecimen","Plasmopara","helianthi","Plasmopara helianthi","C T Rogerson","R3842",1957,6,18,"1950","Helianthus petiolaris","Asteraceae","wild","native","wild-native","North America","United States of America","Kansas",37.4333,-100.9667,NA,NA,NA
"224","NY","321372","PreservedSpecimen","Plasmopara","helianthi f. helianthi","Plasmopara helianthi f. helianthi","C T Rogerson",NA,1951,6,11,"1950","Helianthus annuus","Asteraceae","cultivated","native","cultivated-native","North America","United States of America","Kansas",37.752798,-100.017079,NA,5584,NA
"225","NY","WSP45334","PreservedSpecimen","Plasmopara","megasperma","Plasmopara megasperma","C T Rogerson",NA,1957,4,30,"1950","Viola bicolor","Violaceae","cultivated","native","cultivated-native","North America","United States of America","Kansas",37.2511973333333,-97.1261363333333,"WGS84",8074.5,NA
"226","NY","1959355","PreservedSpecimen","Plasmopara","megasperma","Plasmopara megasperma","C T Rogerson","R 3837",1957,5,30,"1950","Viola bicolor","Violaceae","cultivated","native","cultivated-native","North America","United States of America","Kansas",37.4370515,-98.44222415,"WGS84",7216.5,NA
"227","NY","321416","PreservedSpecimen","Plasmopara","obducens","Plasmopara obducens","C T Rogerson","R3631",1953,5,25,"1950","Impatiens pallida","Balsaminaceae","wild","native","wild-native","North America","United States of America","Kansas",39.855523,-95.089972,"WGS84",9021,NA
"228","WSP","WSP64258","PreservedSpecimen","Plasmopara","viburni","Plasmopara viburni","C T Rogerson","s.n.",1979,11,11,"1970","Viburnum dentatum","Adoxaceae","wild","native","wild-native","North America","United States of America","New York",44.0139,-73.6564,NA,NA,NA
"229","NY","2759515","PreservedSpecimen","Plasmopara","viburni","Plasmopara viburni","C T Rogerson","s.n.",1982,10,29,"1980","Viburnum acerifolium","Adoxaceae","wild","native","wild-native","North America","United States of America","New Jersey",NA,NA,NA,NA,NA
"230","NY","2759501","PreservedSpecimen","Plasmopara","viburni","Plasmopara viburni","C T Rogerson","s.n.",1989,11,2,"1980","Viburnum dentatum","Adoxaceae","wild","native","wild-native","North America","United States of America","New York",NA,NA,NA,NA,NA
"231","NY","2759500","PreservedSpecimen","Plasmopara","viburni","Plasmopara viburni","C T Rogerson","s.n.",1990,11,4,"1990","Viburnum dentatum","Adoxaceae","wild","native","wild-native","North America","United States of America","New York",NA,NA,NA,NA,NA
"232","NY","2759503","PreservedSpecimen","Plasmopara","viburni","Plasmopara viburni","C T Rogerson","s.n.",1990,11,6,"1990","Viburnum opulus","Adoxaceae","cultivated","non-native","cultivated-non-native","North America","United States of America","New York",NA,NA,NA,NA,NA
"233","NY","2759504","PreservedSpecimen","Plasmopara","viburni","Plasmopara viburni","C T Rogerson","s.n.",1990,11,6,"1990","Viburnum sargentii","Adoxaceae","cultivated","non-native","cultivated-non-native","North America","United States of America","New York",NA,NA,NA,NA,NA
"234","NY","2759614","PreservedSpecimen","Plasmopara","viticola","Plasmopara viticola","C T Rogerson","497",1946,6,29,"1940","Vitis vulpina","Vitaceae","cultivated","native","cultivated-native","North America","United States of America","New York",42.446542,-76.477889,"WGS84",1614,NA
"235","NY","2759613","PreservedSpecimen","Plasmopara","viticola","Plasmopara viticola","C T Rogerson","s.n.",1962,7,12,"1960","Vitis vulpina","Vitaceae","cultivated","native","cultivated-native","North America","United States of America","New York",43.098059,-78.022151,"WGS84",3612,NA
"236","NY","2759538","PreservedSpecimen","Plasmopara","viticola","Plasmopara viticola","C T Rogerson","s.n.",1972,7,19,"1970","Vitis riparia","Vitaceae","wild","native","wild-native","North America","United States of America","New York",NA,NA,NA,NA,NA
"237","NY","2759637","PreservedSpecimen","Plasmopara","viticola","Plasmopara viticola","C T Rogerson","s.n.",1973,7,6,"1970","Vitis riparia","Vitaceae","wild","native","wild-native","North America","United States of America","New York",NA,NA,NA,NA,NA
"238","NY","2759054","PreservedSpecimen","Plasmopara","wilsonii","Plasmopara wilsonii","C T Rogerson","s.n.",1976,4,23,"1970","Geranium bicknellii","Geraniaceae","wild","native","wild-native","North America","United States of America","New York",40.864979,-73.878578,"WGS84",457,NA
"239","NY","2759057","PreservedSpecimen","Plasmopara","wilsonii","Plasmopara wilsonii","C T Rogerson","s.n.",1980,5,17,"1980","Geranium bicknellii","Geraniaceae","wild","native","wild-native","North America","United States of America","New York",NA,NA,NA,NA,NA
"240","NY","2759055","PreservedSpecimen","Plasmopara","wilsonii","Plasmopara wilsonii","C T Rogerson","s.n.",1983,5,19,"1980","Geranium bicknellii","Geraniaceae","wild","native","wild-native","North America","United States of America","New York",NA,NA,NA,NA,NA
"241","BPI","BPI 785720","PreservedSpecimen","Pseudoperonospora","humuli","Pseudoperonospora humuli","C T Rogerson","216",1941,6,20,"1940","Humulus lupulus","Cannabaceae","cultivated","non-native","cultivated-non-native","North America","United States of America","Utah",NA,NA,NA,NA,NA
"242","BPI","BPI 796325","PreservedSpecimen","Sclerospora","graminicola","Sclerospora graminicola","C T Rogerson","1222",1946,9,18,"1940","Setaria viridis","Poaceae","wild","non-native","wild-non-native","North America","United States of America","New York",NA,NA,NA,NA,NA
